# word	frequency
die	16197
van	5909
en	5810
in	5445
is	4048
het	4024
sy	2167
word	1858
wat	1835
met	1573
vir	1550
op	1542
hy	1522
te	1497
nie	1460
was	1449
as	1443
dit	1298
om	1258
se	1046
deur	994
aan	856
ook	819
tot	805
hulle	783
of	756
dat	686
na	656
kan	555
bekend	541
hierdie	529
haar	516
daar	504
maar	491
by	477
uit	460
oor	400
rolle	380
eerste	375
ander	371
gebruik	368
soos	352
groot	341
een	340
baie	328
meer	326
hul	325
jaar	320
twee	309
onder	276
teen	267
tussen	258
begin	243
toe	243
egter	238
hom	228
nuwe	218
dié	216
so	208
waar	208
net	205
kon	199
mense	198
nog	193
al	186
sou	176
maak	170
gehad	168
later	166
laat	161
werk	159
moet	155
voor	155
sal	154
tydens	153
wees	153
terwyl	146
dikwels	143
deel	141
keer	139
drie	138
tyd	138
naam	135
dan	133
weer	133
lank	129
lewe	129
kerk	128
klein	128
slegs	128
gemaak	125
saam	123
geen	122
omdat	122
ná	120
eeu	118
de	115
gebou	115
kom	114
land	112
gevolg	111
stad	110
vorm	110
dieselfde	108
nadat	108
dood	107
verskillende	107
volgens	107
genoem	106
wanneer	105
ʼn	105
meeste	104
gemeente	103
vanaf	101
eie	99
gewoonlik	99
sowat	99
nasionale	98
dus	97
gaan	95
nou	95
suid-afrika	95
af	93
alle	93
moes	93
staan	93
gebied	92
waarin	92
sommige	91
elke	90
eers	89
reeds	89
televisiereeks	89
daarna	88
self	87
hoewel	86
ontwikkel	86
sedert	86
kry	84
hier	82
skryf	81
wêreld	81
daarvan	80
vier	80
vrou	80
laaste	78
byvoorbeeld	77
einde	77
gee	77
plek	77
sonder	77
swart	75
geneem	74
moontlik	74
rol	74
mens	73
ons	73
stel	73
water	73
aantal	72
belangrike	72
regering	72
vandag	72
bevolking	71
ten	71
gepubliseer	70
rolprent	70
enige	69
hou	69
kinders	69
steeds	69
hoe	68
paar	68
per	68
universiteit	68
binne	67
dag	67
ontstaan	67
sodat	67
wit	67
groter	66
gehou	65
vroeë	65
britse	64
kort	64
mekaar	64
plaas	64
bly	63
man	63
party	63
sterk	63
hele	62
neem	62
reeks	62
seun	62
verander	62
asook	61
besluit	61
gedoen	61
hoofsaaklik	61
speel	61
veroorsaak	61
vind	61
vlag	61
internasionale	60
ou	60
miljoen	59
sluit	59
gebore	58
gestig	58
volgende	58
waarvan	58
beste	57
grond	57
mag	57
aanvanklik	56
boek	56
doen	56
gespeel	56
lê	56
ekonomiese	55
ontwerp	55
tans	55
april	54
gekry	54
gelei	54
groep	54
lei	54
maart	54
middel	54
ontvang	54
staat	54
daardie	53
ek	53
enkele	53
september	53
talle	53
dorp	52
my	52
november	52
ontwikkeling	52
sien	52
gedigte	51
geskryf	51
mei	51
wel	51
algemeen	50
algemene	50
god	50
groei	50
huis	50
sekere	50
albei	49
beheer	49
desember	49
engels	49
hoë	49
jong	49
julie	49
liggaam	49
loop	49
lyk	49
minder	49
taal	49
voltooi	49
voorkom	49
vroue	49
vyf	49
augustus	48
belangrikste	48
cm	48
geskiedenis	48
goeie	48
km	48
oorlede	48
ses	48
ter	48
wil	48
afrikaanse	47
beide	47
februarie	47
januarie	47
junie	47
naby	47
wou	47
beteken	46
dae	46
goed	46
aarde	45
gegee	45
gekom	45
help	45
terug	45
verloor	45
wetenskaplike	45
'n	44
dele	44
derde	44
familie	44
lang	44
nooit	44
vis	44
woord	44
alhoewel	43
bou	43
diere	43
gesien	43
hê	43
probeer	43
skool	43
sowel	43
daarop	42
geleë	42
min	42
ryk	42
der	41
koning	41
rooi	41
vanweë	41
verhaal	41
verkies	41
betrokke	40
bo	40
gevorm	40
gewen	40
omgewing	40
ouderdom	40
see	40
voordat	40
want	40
dui	39
europese	39
gebly	39
gesê	39
geval	39
kind	39
lae	39
langs	39
lede	39
spesie	39
trek	39
tydperk	39
vader	39
verklaar	39
wie	39
afrikaans	38
beter	38
beweeg	38
lig	38
manier	38
meestal	38
militêre	38
persoon	38
altyd	37
daarom	37
geplaas	37
hoër	37
kant	37
lid	37
meter	37
navorsing	37
oktober	37
oorspronklike	37
skrywer	37
kennis	36
kerkgebou	36
leraar	36
lewer	36
streek	36
sê	36
aard	35
bied	35
byna	35
druk	35
duidelik	35
duur	35
eerder	35
hoog	35
ma	35
ouer	35
pa	35
titel	35
verlaat	35
almal	34
beperk	34
blou	34
bring	34
frankryk	34
raak	34
verenigde	34
verkoop	34
waarop	34
engeland	33
natuurlike	33
proses	33
son	33
soort	33
term	33
vertel	33
woorde	33
beeld	32
bekende	32
eiland	32
handel	32
historiese	32
homself	32
huwelik	32
indien	32
johannesburg	32
kos	32
naamlik	32
new	32
president	32
punt	32
span	32
tog	32
volg	32
waarskynlik	32
aanvaar	31
behoort	31
dra	31
geboue	31
geld	31
gereeld	31
mate	31
plant	31
roman	31
stelsel	31
ster	31
verdeel	31
vlak	31
wissel	31
agter	30
daarin	30
genoeg	30
groen	30
heeltemal	30
kerkraad	30
musiek	30
oud	30
reg	30
sit	30
teenoor	30
verbind	30
verskeidenheid	30
weg	30
woon	30
óf	30
basis	29
diens	29
doel	29
europa	29
gebeur	29
gereformeerde	29
gewone	29
helfte	29
hoofstad	29
kleur	29
pad	29
slag	29
toon	29
trou	29
vinnig	29
beskerm	28
bundel	28
eindelik	28
gedien	28
gewilde	28
leër	28
magte	28
name	28
persent	28
posisie	28
sodoende	28
stede	28
swaar	28
terugkeer	28
tradisionele	28
vroeg	28
waaronder	28
wyse	28
agt	27
alles	27
amper	27
beskikbaar	27
dien	27
dogter	27
geloof	27
gelê	27
hand	27
hierna	27
kaapse	27
menslike	27
natuur	27
ontdek	27
totdat	27
val	27
vliegtuig	27
besit	26
gemeenskap	26
gestel	26
gevind	26
hande	26
herstel	26
iets	26
mark	26
omstreeks	26
rondom	26
sentrale	26
studie	26
sulke	26
tree	26
ver	26
voorsien	26
vroeër	26
aandag	25
erken	25
gebring	25
geel	25
geleentheid	25
kaapstad	25
laasgenoemde	25
leer	25
lug	25
minister	25
nodig	25
ondersoek	25
ontmoet	25
oorspronklik	25
parlement	25
plaasgevind	25
saak	25
vertaal	25
vorige	25
waarna	25
wedstryd	25
wet	25
wys	25
buitelandse	24
gesin	24
hoof	24
hoogte	24
mm	24
oop	24
plante	24
pretoria	24
rede	24
regte	24
skep	24
sterre	24
stryd	24
veel	24
verslaan	24
voël	24
waarde	24
wen	24
wetenskap	24
belang	23
belangstelling	23
duitsland	23
energie	23
gemeentes	23
getroud	23
insluitende	23
jy	23
kaap	23
laer	23
nogtans	23
onderneming	23
ondersteun	23
plaasvind	23
rigting	23
status	23
sterf	23
struktuur	23
styl	23
verdere	23
winter	23
anders	22
betekenis	22
bevestig	22
broer	22
daarnaas	22
daartoe	22
digter	22
geleidelik	22
goue	22
hiervan	22
kg	22
klas	22
letterkunde	22
maklik	22
naas	22
nederlandse	22
republiek	22
skip	22
stadium	22
stigting	22
toestand	22
uitgevoer	22
verbeter	22
voorbeeld	22
voorgestel	22
waargeneem	22
warm	22
afrika	21
album	21
behandel	21
beleid	21
besonder	21
beweging	21
bewys	21
christelike	21
destyds	21
donker	21
ekonomie	21
elk	21
feit	21
gelede	21
geskep	21
griekse	21
iemand	21
jou	21
kuns	21
materiaal	21
omstandighede	21
persoonlike	21
poging	21
pous	21
res	21
rivier	21
romeinse	21
skotland	21
tien	21
toegeken	21
vanuit	21
voorheen	21
voorsitter	21
voort	21
beïnvloed	20
chemiese	20
daarmee	20
geraak	20
geslag	20
gestaan	20
gewerk	20
heelwat	20
japan	20
krag	20
kultuur	20
la	20
leef	20
leier	20
maria	20
massa	20
miljard	20
moeder	20
nege	20
onderskeidelik	20
optrede	20
raad	20
rusland	20
sake	20
sewe	20
siekte	20
soek	20
temperatuur	20
toegeneem	20
toring	20
uur	20
vertrek	20
volwasse	20
waarmee	20
amptelik	19
atmosfeer	19
besig	19
china	19
deelgeneem	19
eeue	19
gekoop	19
geldig	19
gesluit	19
gestuur	19
glo	19
huise	19
kommissie	19
liefde	19
maand	19
maatskappy	19
nedersetting	19
noorde	19
orde	19
pas	19
periode	19
poësie	19
projek	19
simbool	19
stem	19
teenstelling	19
vrugte	19
beklee	18
brittanje	18
danksy	18
diep	18
finansiële	18
frans	18
fyn	18
gekies	18
getalle	18
gou	18
heelal	18
heilige	18
inligting	18
karakter	18
koninkryk	18
leiding	18
lengte	18
nes	18
onderskei	18
park	18
reis	18
sedertdien	18
skrywers	18
taak	18
toegelaat	18
vele	18
verantwoordelik	18
verdwyn	18
vergadering	18
verstaan	18
vierde	18
vroulike	18
vrygestel	18
ware	18
weergawe	18
afdeling	17
asof	17
benoem	17
besef	17
betaal	17
draai	17
eet	17
elkeen	17
gemiddelde	17
getrek	17
ierland	17
italië	17
juis	17
keiser	17
koop	17
le	17
los	17
lyf	17
manlike	17
model	17
noord	17
omtrent	17
parys	17
planeet	17
produksie	17
provinsie	17
publiek	17
stig	17
sukses	17
tipe	17
url	17
verlede	17
verwyder	17
voer	17
voorgekom	17
week	17
werklik	17
baan	16
bedek	16
bewaar	16
bruin	16
dadelik	16
dalk	16
drama	16
eenvoudige	16
fokus	16
gedra	16
geestelike	16
gelyk	16
george	16
gesig	16
getoon	16
geëindig	16
hendrik	16
idee	16
kern	16
klimaat	16
koninklike	16
laag	16
lewende	16
liberale	16
loopbaan	16
nederland	16
oppervlak	16
pers	16
plan	16
relatief	16
samelewing	16
selle	16
siektes	16
sin	16
skerp	16
soortgelyk	16
spanne	16
strek	16
toekoms	16
transvaal	16
vaste	16
verkiesing	16
verminder	16
verower	16
vestig	16
vloei	16
voedsel	16
voel	16
vraag	16
vsa	16
weste	16
wêreldwyd	16
aangekondig	15
aansienlik	15
akademie	15
aktief	15
bepaalde	15
bloot	15
botha	15
dam	15
dateer	15
departement	15
dis	15
dr	15
duisend	15
gedeelte	15
gehoor	15
gesterf	15
gewild	15
gewoon	15
goud	15
kilometer	15
kop	15
koste	15
literatuur	15
maan	15
moeilik	15
moontlike	15
nieu-seeland	15
onthou	15
oog	15
oplossing	15
prins	15
ruimte	15
sentrum	15
somer	15
spanje	15
stert	15
stof	15
suide	15
teater	15
terrein	15
terselfdertyd	15
teruggekeer	15
twaalf	15
tydskrif	15
verandering	15
vermoë	15
vervaardiging	15
vlug	15
voorwerp	15
vra	15
vriend	15
weermag	15
wes	15
afgelope	14
agtergrond	14
alleen	14
belangrik	14
betref	14
brand	14
dink	14
direk	14
distrik	14
erkenning	14
ervaar	14
feitlik	14
funksie	14
geloop	14
geveg	14
gevoel	14
godsdienstige	14
grens	14
grootliks	14
harde	14
heel	14
hof	14
kerklike	14
keuse	14
kolonie	14
kritiek	14
mettertyd	14
museum	14
natuurlik	14
niks	14
ooit	14
oom	14
organisasie	14
pos	14
praat	14
rapport	14
rig	14
risiko	14
rome	14
skaal	14
studente	14
suster	14
teenwoordig	14
teologiese	14
teorie	14
verlore	14
volk	14
vreemde	14
waardeur	14
weeg	14
wêreldoorlog	14
area	13
australië	13
beplan	13
blom	13
blomme	13
blyk	13
breed	13
daarvoor	13
deesdae	13
dinge	13
film	13
gegaan	13
gely	13
gesinne	13
geskik	13
graaf	13
hiervoor	13
hout	13
indië	13
ingang	13
kaptein	13
klank	13
komitee	13
koue	13
landbou	13
lees	13
links	13
metode	13
mooi	13
nag	13
onderneem	13
opsigte	13
orkes	13
plein	13
predikant	13
presies	13
probleem	13
prys	13
publikasie	13
punte	13
reën	13
sodra	13
stam	13
stemme	13
suid	13
swak	13
teken	13
temas	13
thomas	13
toneel	13
verduidelik	13
verskille	13
verwerk	13
voortdurend	13
vrede	13
vry	13
waarvoor	13
wallis	13
wapen	13
willem	13
akademiese	12
albert	12
alexander	12
artikel	12
bal	12
bangladesj	12
been	12
begrawe	12
beskerming	12
beslaan	12
beurt	12
boer	12
brief	12
bygedra	12
daaraan	12
dier	12
dik	12
direkte	12
direkteur	12
gedagte	12
gedig	12
geheel	12
generaal	12
gevaar	12
gevra	12
grense	12
grondwet	12
hawe	12
hitte	12
hoogtepunt	12
hospitaal	12
huisves	12
hulp	12
hulself	12
jeug	12
johannes	12
kapasiteit	12
katedraal	12
klip	12
klub	12
kunste	12
kus	12
media	12
minute	12
natal	12
nek	12
ondanks	12
ontdekking	12
oos	12
potchefstroom	12
professor	12
publiseer	12
redelik	12
spanning	12
stand	12
storie	12
studeer	12
stuk	12
teks	12
testament	12
toernooi	12
tradisie	12
vas	12
verseker	12
vliegtuie	12
voet	12
vol	12
voorbeelde	12
weet	12
werkers	12
wyd	12
administrasie	11
arbeid	11
begrip	11
beklemtoon	11
beleef	11
bene	11
beperkte	11
berlyn	11
biblioteek	11
bloed	11
boodskap	11
boonop	11
buiteland	11
bynaam	11
den	11
deurgebring	11
dokter	11
doodgemaak	11
dorpie	11
droom	11
ewe	11
gedwing	11
gees	11
gegroei	11
gelewer	11
gemeet	11
genaamd	11
geopen	11
gereelde	11
getref	11
gevolglik	11
groeiende	11
hoeveelhede	11
indiese	11
individue	11
israel	11
kamer	11
kanada	11
koerant	11
kolle	11
kritici	11
latyn	11
leiers	11
leser	11
londen	11
mars	11
meyer	11
monument	11
namate	11
noem	11
noorse	11
onbekend	11
onlangse	11
ontbind	11
oseaan	11
plantegroei	11
plat	11
polisie	11
praktyk	11
privaat	11
prooi	11
reaksie	11
regs	11
ring	11
skade	11
sowjetunie	11
speler	11
spoor	11
stamme	11
stowwe	11
taamlik	11
tegnologie	11
toegepas	11
toegerus	11
toestemming	11
troon	11
tye	11
versameling	11
verse	11
verskyning	11
versoek	11
voldoen	11
volledige	11
voordeel	11
vuur	11
wag	11
wyk	11
afhanklik	10
afkomstig	10
ag	10
aktiewe	10
aktiwiteit	10
basiese	10
berg	10
bos	10
breë	10
bron	10
brug	10
deurdat	10
di	10
duits	10
dun	10
egipte	10
eindig	10
filosofie	10
fisiese	10
gehelp	10
geleenthede	10
gepraat	10
gereken	10
gerig	10
geskei	10
gevang	10
gevolge	10
geweld	10
gewig	10
goewerneur	10
graad	10
hanteer	10
hegtenis	10
hofmeyr	10
hoop	10
individu	10
kat	10
ken	10
kontak	10
korter	10
letterkundige	10
ligging	10
lyn	10
meen	10
meisie	10
mengsel	10
middestad	10
munisipaliteit	10
namibië	10
napoleon	10
nederlaag	10
niemand	10
omring	10
omstrede	10
ondergaan	10
onderteken	10
ongeluk	10
onmiddellik	10
paleis	10
papier	10
plessis	10
produk	10
professionele	10
program	10
republikeinse	10
reënval	10
rotse	10
ry	10
samewerking	10
san	10
sigbaar	10
sinode	10
sirkel	10
skei	10
skildery	10
sorg	10
spel	10
spoed	10
stap	10
stellenbosch	10
steun	10
tegniek	10
tema	10
toegang	10
toit	10
vaar	10
vel	10
veld	10
verdien	10
verlies	10
verrig	10
vlieg	10
voorspel	10
vrye	10
wette	10
aand	9
alice	9
amerika	9
amp	9
amsterdam	9
andré	9
anna	9
bedoel	9
bekendgestel	9
beland	9
belange	9
bemanning	9
beset	9
beskadig	9
besonderhede	9
bewoon	9
binnelandse	9
bloemfontein	9
blootgestel	9
blykbaar	9
breek	9
bydrae	9
daaropvolgende	9
data	9
dawid	9
denke	9
depressie	9
deursnee	9
digters	9
droë	9
duidelike	9
dusver	9
eenvoudig	9
eienaar	9
eiendom	9
et	9
fantasie	9
gas	9
gedeeltelik	9
gedruk	9
gefokus	9
geheg	9
gereed	9
geslaan	9
godsdiens	9
grys	9
haarself	9
hang	9
heen	9
helder	9
hertog	9
hierin	9
houding	9
identifiseer	9
identiteit	9
ierse	9
indruk	9
jaarliks	9
jag	9
jan	9
jesus	9
kaart	9
kanaal	9
klem	9
klere	9
klerk	9
koningin	9
konteks	9
kragte	9
krieket	9
leeftyd	9
malan	9
mee	9
mening	9
moeite	9
moord	9
motor	9
muur	9
nader	9
nodige	9
omrede	9
ondersteuning	9
onderwerp	9
onderwyser	9
ongeskonde	9
onmoontlik	9
ontsnap	9
orrel	9
politiek	9
premier	9
private	9
produseer	9
programme	9
reël	9
roux	9
samestelling	9
seker	9
sentraal	9
siklus	9
silwer	9
skaars	9
skilder	9
slaan	9
smith	9
sonnestelsel	9
soveel	9
standaard	9
stasie	9
straat	9
streng	9
stroom	9
struik	9
suksesvol	9
switserse	9
telkens	9
tempel	9
teorieë	9
tipies	9
totaal	9
tuin	9
tuis	9
uitsondering	9
vasgestel	9
vergelyking	9
vertaling	9
verwag	9
vinnige	9
vleis	9
vloeistof	9
vloot	9
voldoende	9
volume	9
voorkeur	9
voorsiening	9
voorstel	9
voortgesit	9
vooruitgang	9
vorming	9
vyand	9
vyfde	9
waarby	9
aandeel	8
akteur	8
antwoord	8
ateljee	8
band	8
bang	8
bedreig	8
beduidende	8
besoedeling	8
bespreek	8
betreklik	8
bewegings	8
boom	8
brandstof	8
burger	8
burgerlike	8
bygewoon	8
daarby	8
daardeur	8
definisie	8
dekade	8
dieper	8
digte	8
ding	8
dooie	8
durban	8
eenhede	8
egte	8
emosionele	8
enjin	8
erf	8
ernstig	8
federasie	8
finale	8
fort	8
gebrek	8
gebruikers	8
gelees	8
gemiddeld	8
generasie	8
geroep	8
geskied	8
gesteek	8
getrou	8
gevange	8
gevoer	8
glad	8
gode	8
gratis	8
grondslag	8
haal	8
hamburg	8
handelaars	8
handhaaf	8
hart	8
heerskappy	8
herbou	8
hierdeur	8
hierop	8
hoor	8
hotel	8
hoërskool	8
immigrante	8
jaargang	8
joubert	8
klaar	8
kombinasie	8
kommersiële	8
kompetisie	8
komposisie	8
kongres	8
konsep	8
kroon	8
kruger	8
kruis	8
les	8
lewendige	8
lief	8
ligter	8
louw	8
lys	8
merwe	8
middeleeue	8
nabygeleë	8
namens	8
nat	8
nuut	8
onderdruk	8
onderrig	8
ongelukkig	8
onthul	8
openbaar	8
pak	8
pastorie	8
patroon	8
paul	8
perd	8
planne	8
praktiese	8
prestasie	8
prosa	8
pyn	8
regstreeks	8
rewolusie	8
roete	8
ronde	8
rugby	8
saal	8
saamgestel	8
sending	8
senior	8
skare	8
skielik	8
slaag	8
slawe	8
sover	8
spesifiek	8
star	8
steyn	8
strawwe	8
stuur	8
susters	8
tak	8
toegespits	8
toets	8
ton	8
trap	8
unie	8
verkeerd	8
vermoedelik	8
vertraag	8
villiers	8
vin	8
volgorde	8
volksraad	8
volwassenes	8
vrae	8
vreet	8
vriende	8
vyftig	8
waarom	8
waartydens	8
weereens	8
welke	8
wentel	8
werf	8
werklike	8
wese	8
wetgewing	8
woestyn	8
wolf	8
wêreldwye	8
aktrise	7
alfabet	7
analise	7
anc	7
areas	7
bande	7
behoud	7
belemmer	7
belgië	7
benaming	7
bereid	7
beroemde	7
betree	7
beveel	7
beëindig	7
bokant	7
brein	7
brink	7
buurt	7
chicago	7
dagboek	7
datum	7
debuut	7
deense	7
demokratiese	7
diegene	7
dig	7
doeltreffende	7
dramas	7
dwing	7
eens	7
effek	7
eggenote	7
egiptiese	7
eindstryd	7
eintlik	7
ekonomies	7
elektrisiteit	7
elizabeth	7
end	7
ervaring	7
erwe	7
eweneens	7
figuur	7
foto	7
fourie	7
front	7
gedink	7
gegrond	7
geken	7
gelaat	7
genus	7
gesing	7
gesit	7
geskikte	7
geskoei	7
gesonde	7
gevlieg	7
gevlug	7
gewy	7
goedgekeur	7
hans	7
heer	7
honderd	7
hoofkarakter	7
ideaal	7
impak	7
infrastruktuur	7
ingewy	7
inhoud	7
instrument	7
julle	7
kaapkolonie	7
kere	7
kleinseun	7
klim	7
klooster	7
kommunikasie	7
komponis	7
konsulent	7
kontrak	7
koring	7
krisis	7
lading	7
laerskool	7
landelike	7
leidende	7
lesings	7
letter	7
litaue	7
lof	7
lord	7
ly	7
maksimum	7
materie	7
mededinging	7
meet	7
minstens	7
mis	7
moontlikhede	7
musikale	7
myl	7
nasie	7
netwerk	7
nietemin	7
noodsaaklik	7
oftewel	7
oggend	7
omskep	7
ondergang	7
onderhoud	7
onderverdeel	7
ontbreek	7
ontevrede	7
ontgin	7
onvolwasse	7
operasie	7
oranje-vrystaat	7
ouderling	7
outomaties	7
pen	7
perseel	7
platform	7
port	7
pretorius	7
red	7
regeer	7
regisseur	7
rond	7
rug	7
samesmelting	7
seevlak	7
seisoen	7
siek	7
siele	7
sielkundige	7
skakel	7
skenk	7
skotse	7
skuif	7
skuld	7
skuldig	7
spraak	7
staal	7
stadion	7
suurstof	7
tekort	7
teologie	7
tevrede	7
toegeskryf	7
toekenning	7
toename	7
toepassing	7
tong	7
tradisioneel	7
tronk	7
tronkstraf	7
twintig	7
twyfel	7
vee	7
veertien	7
verbetering	7
verdedig	7
vergesel	7
verkope	7
vervul	7
voertuig	7
voorbereiding	7
voorstede	7
vorster	7
vrygelaat	7
vrystelling	7
vul	7
waaruit	7
webwerf	7
wenner	7
wentelbaan	7
wind	7
wiskundige	7
wolwe	7
wyfie	7
zimbabwe	7
aanbidding	6
aangemoedig	6
adam	6
adellike	6
aftrede	6
andersins	6
apparaat	6
argeologiese	6
argitek	6
argitektuur	6
arm	6
asië	6
baba	6
basies	6
bedrag	6
belasting	6
benodig	6
beplande	6
binnekant	6
bosman	6
botsing	6
broei	6
brood	6
buitewêreld	6
burgeroorlog	6
bybel	6
bymekaar	6
daarbenewens	6
daarenteen	6
debat	6
deelneem	6
definieer	6
des	6
dienstyd	6
diplomatieke	6
dreig	6
dryf	6
eer	6
eienskap	6
eier	6
eis	6
embrio	6
ene	6
farao	6
fase	6
finaal	6
formule	6
frank	6
gebruiker	6
gedeel	6
geheue	6
gekleurde	6
geklop	6
geland	6
geleer	6
geleerdes	6
geluk	6
gelyktydig	6
gelys	6
geografiese	6
gepaard	6
gereis	6
geskiedkundige	6
geskilder	6
getuig	6
gewapende	6
glas	6
golf	6
gooi	6
graag	6
graan	6
grondgebied	6
grotendeels	6
gunstige	6
hantering	6
heerser	6
hektaar	6
helling	6
herken	6
ietwat	6
indonesië	6
industriële	6
inisiatief	6
innerlike	6
inspirasie	6
intellektuele	6
interessante	6
internet	6
interpretasie	6
kamp	6
kasteel	6
kategorie	6
konflik	6
kongo	6
konsentrasie	6
kontras	6
konvensie	6
korrupsie	6
koud	6
laboratorium	6
landgoed	6
landskap	6
leerling	6
lodewyk	6
louis	6
lydenburg	6
maal	6
marais	6
meganisme	6
modelle	6
mond	6
mosambiek	6
navorser	6
neef	6
nommer	6
noorweë	6
normaalweg	6
nuus	6
nywerhede	6
ontbloot	6
ontspanning	6
onttrek	6
ontwikkelde	6
opvoedkundige	6
oranje	6
organisme	6
oupa	6
owerhede	6
owerheid	6
pakistan	6
parallel	6
permanent	6
persentasie	6
personeel	6
piet	6
plaat	6
plattelandse	6
poort	6
populasie	6
potensiaal	6
potensiële	6
regdeur	6
reguit	6
reuk	6
roep	6
rus	6
russies	6
saamgesmelt	6
schoeman	6
sel	6
setel	6
siel	6
sig	6
sing	6
skrif	6
skuilnaam	6
smaak	6
sodanig	6
stadig	6
standpunt	6
sterker	6
stertvin	6
stikstof	6
storm	6
strand	6
streep	6
strewe	6
styg	6
suiwer	6
super	6
sweedse	6
tafel	6
tande	6
teenoorgestelde	6
teiken	6
tel	6
televisie	6
tevore	6
toestelle	6
top	6
transvaalse	6
trots	6
tydelik	6
tydstip	6
uitdrukking	6
uitgegee	6
uitgewer	6
uniek	6
universiteitskollege	6
vaandel	6
vaderland	6
vars	6
venesië	6
vereniging	6
vergader	6
vergeet	6
verlief	6
vernietiging	6
verstand	6
versterkings	6
verteenwoordiger	6
verval	6
verwarring	6
vlekke	6
voertuie	6
volgehou	6
volledig	6
volop	6
voltyds	6
voorstelling	6
voortbestaan	6
vrystaat	6
vrystaatse	6
walt	6
weerstand	6
welslae	6
welvarende	6
werksaam	6
wiskunde	6
wisselwerking	6
wol	6
woning	6
wêreldkampioenskap	6
ywer	6
aanwesig	5
abraham	5
administrateur	5
advies	5
afghanistan	5
afrikaner	5
agtergelaat	5
aksie	5
alaska	5
alreeds	5
argentinië	5
argentynse	5
baker	5
bakterieë	5
barnard	5
beer	5
beginsel	5
begraafplaas	5
beierse	5
bekendstelling	5
beker	5
belfast	5
benut	5
besighede	5
besonderse	5
bestudering	5
bevolkingsgroei	5
bewaak	5
bewussyn	5
binneland	5
biografie	5
biologiese	5
blanke	5
blywende	5
boete	5
bors	5
bowendien	5
brasilië	5
broeders	5
buit	5
buiten	5
bulle	5
bure	5
burgemeester	5
burgersdorp	5
burgerskap	5
bykomende	5
coetzee	5
daagliks	5
daarheen	5
daaroor	5
daarteen	5
dak	5
denemarke	5
digkuns	5
digtheid	5
dinastie	5
dirk	5
doelbewus	5
dollar	5
dop	5
dubbel	5
eerstens	5
effektief	5
eggenoot	5
egpaar	5
element	5
elf	5
engelssprekende	5
era	5
erasmus	5
erg	5
erns	5
etiek	5
etlike	5
familielede	5
familielid	5
filosofiese	5
florence	5
formele	5
fout	5
gang	5
gay	5
gedefinieer	5
gedurig	5
gegewe	5
gekroon	5
gekyk	5
geliefde	5
gelok	5
gemeentelede	5
geneig	5
gered	5
geskiet	5
geskille	5
geskrewe	5
gesoek	5
gesog	5
gesogte	5
gesondheidsorg	5
getel	5
getree	5
gevangenes	5
gevul	5
gewas	5
gewys	5
geïdentifiseer	5
geïnstalleer	5
goedkoop	5
goedkoper	5
grawe	5
griekeland	5
heg	5
held	5
henry	5
herinner	5
hersien	5
herstelwerk	5
hierby	5
hoef	5
hoek	5
hoeveel	5
hoofkwartier	5
horison	5
hulleself	5
inderdaad	5
ineengestort	5
infeksie	5
ingelyf	5
instituut	5
iranse	5
ja	5
jagter	5
junior	5
kampus	5
keel	5
kelder	5
kenmerkend	5
kimberley	5
kinderjare	5
klassis	5
kol	5
kombineer	5
kommentaar	5
koms	5
konstantyn	5
koos	5
korrek	5
kragtens	5
krimp	5
kritiese	5
kultureel	5
kunswerk	5
kuslyn	5
kwaliteit	5
langenhoven	5
lankal	5
latynse	5
let	5
leuse	5
lewens	5
lidmaat	5
lied	5
linkerkant	5
lot	5
lughawe	5
lugmag	5
maat	5
maatskaplike	5
manlik	5
meksiko	5
mensdom	5
merk	5
metaal	5
middelburg	5
milaan	5
misbruik	5
misluk	5
mite	5
mnr	5
mohammed	5
monnik	5
moorde	5
mutasie	5
nepal	5
neus	5
noue	5
nuttig	5
nóg	5
omvang	5
onderdrukking	5
onderkant	5
onderling	5
onderskeiding	5
ondervind	5
ontbinding	5
ontleding	5
ontleed	5
oomblik	5
ooreenstemming	5
oos-kaap	5
opening	5
opnames	5
organiese	5
organiseer	5
pasiënt	5
perspektief	5
pierre	5
platteland	5
pleeg	5
plesier	5
plus	5
politici	5
polities	5
populêre	5
positief	5
power	5
presidentskap	5
prikkel	5
prinses	5
raamwerk	5
radio	5
raming	5
rand	5
regoor	5
rekenaar	5
rekening	5
restaurant	5
robbe	5
roemenië	5
rukkie	5
ryp	5
sa	5
saamgewerk	5
samel	5
sap	5
satelliet	5
saul	5
sekretaris	5
seks	5
sendingwerk	5
sewentig	5
sigbare	5
sirië	5
skiereiland	5
skoon	5
slang	5
smelt	5
snags	5
snyman	5
sondag	5
sonlig	5
sonwind	5
spesiaal	5
spits	5
sprake	5
spruit	5
stabiel	5
stadsraad	5
steek	5
steenkool	5
stelselmatig	5
stop	5
student	5
suid-amerika	5
suidwes-afrika	5
swakker	5
switserland	5
sydney	5
talent	5
tanzanië	5
teenstand	5
tiende	5
toeganklik	5
toeneem	5
toenemend	5
toesig	5
toestel	5
toneelspel	5
toneelstuk	5
tref	5
trop	5
uitgemaak	5
uitkom	5
uitleg	5
uraan	5
ure	5
utrecht	5
vallei	5
vang	5
veertig	5
veilig	5
veldtog	5
veranderde	5
verbonde	5
vergeleke	5
verleng	5
vermeld	5
vermeng	5
verplig	5
versorg	5
vertak	5
verwante	5
verwantskap	5
verwysing	5
victoria	5
voedingstowwe	5
voorstad	5
voortgeduur	5
waaraan	5
waarvolgens	5
waens	5
weduwee	5
welvaart	5
werker	5
westelike	5
wild	5
wille	5
woonstel	5
wy	5
wyn	5
ysland	5
aanleg	4
absorbeer	4
ad	4
afgelaai	4
afhang	4
afkondiging	4
agtereenvolgende	4
agterkant	4
agteruitgegaan	4
akkuraat	4
altesaam	4
anderkant	4
angola	4
antenne	4
babas	4
bad	4
balans	4
ballet	4
bank	4
bas	4
bed	4
bedags	4
bedoeling	4
bedrywighede	4
beginpunt	4
begryp	4
behoue	4
belig	4
bell	4
beloon	4
bemarking	4
beplanning	4
beskawings	4
beslis	4
bestee	4
bestel	4
bestuurder	4
bevrediging	4
bevrugte	4
bevryding	4
bewerkstellig	4
bewus	4
beëindiging	4
beïndruk	4
bind	4
biskop	4
bodem	4
boord	4
boot	4
bouwerk	4
breër	4
bruikbare	4
buitekant	4
bybelse	4
bydra	4
bygestaan	4
bygevoeg	4
caesar	4
chemie	4
chili	4
christendom	4
cloete	4
darwin	4
das	4
deeglik	4
dek	4
deling	4
dertien	4
detail	4
deursigtig	4
dialek	4
dieet	4
diploma	4
dirigent	4
doeltreffend	4
doktorsgraad	4
dominee	4
don	4
donkerblou	4
doop	4
dosent	4
dring	4
droog	4
duim	4
dwarsdeur	4
edward	4
ei	4
ekspedisie	4
el	4
elders	4
embleem	4
engel	4
erfenis	4
erosie	4
ervare	4
etiese	4
eva	4
eweredig	4
filosoof	4
firma	4
florida	4
forum	4
foute	4
gasheer	4
geallieerde	4
gebed	4
geberg	4
gebeurtenis	4
gebreek	4
gedaal	4
gedenk	4
gedryf	4
geensins	4
geheim	4
gekoppel	4
geleef	4
geloods	4
gelowe	4
gelukkig	4
gelyke	4
gematigde	4
gemeng	4
gemengde	4
genees	4
genera	4
genoemde	4
geraas	4
gereedskap	4
geregistreer	4
gereël	4
gery	4
geselskap	4
geskat	4
geskil	4
geskuif	4
gestroom	4
gesukkel	4
geteel	4
getiteld	4
getroude	4
getuienis	4
gevangenisstraf	4
gevangenskap	4
gevoeg	4
gevoelens	4
gevolgtrekking	4
gevou	4
geweldig	4
gewese	4
gewond	4
geëis	4
golwe	4
graal	4
graf	4
grahamstad	4
gras	4
groeikoers	4
groottes	4
grot	4
guns	4
halfrond	4
hek	4
hekel	4
helena	4
hennie	4
herdoop	4
herfs	4
herhaal	4
hernoem	4
hiermee	4
hieroor	4
hipotese	4
histories	4
hond	4
hongkong	4
hotelle	4
huisarres	4
huishouding	4
iewers	4
ingenieur	4
intelligensie	4
irak	4
islam	4
johanna	4
jouself	4
kaal	4
kabinet	4
kalifornië	4
kamera	4
kandidaat	4
karton	4
kasakstan	4
kategorieë	4
katoen	4
kenia	4
kenne	4
kenners	4
khoikhoi	4
kies	4
kiesafdeling	4
kitaar	4
klam	4
klasse	4
klassifikasie	4
klep	4
klink	4
klop	4
knap	4
kniel	4
knoop	4
koffie	4
kollegas	4
komeet	4
konsensus	4
konsilie	4
konstruksie	4
konvensionele	4
koor	4
kortverhaal	4
koshuis	4
krygsgevangenes	4
kunstenaar	4
kwaai	4
kyk	4
landbousektor	4
las	4
leeus	4
leierskap	4
letterlik	4
lewensmaat	4
lidmaatskap	4
liefdesverhaal	4
liter	4
lob	4
londense	4
luister	4
luukse	4
maag	4
make	4
malta	4
mank	4
marie	4
marx	4
masjien	4
materiële	4
matriek	4
matrikuleer	4
matrose	4
medalje	4
mededingende	4
medisyne	4
meebring	4
meegebring	4
melk	4
middelpunt	4
millimeter	4
minderhede	4
mineraal	4
miskien	4
mislukking	4
moedergemeente	4
moeilikhede	4
molteno	4
monster	4
moskou	4
musikant	4
myn	4
nageslag	4
navolging	4
naweek	4
negatief	4
negende	4
neiging	4
nelspruit	4
nienaber	4
no	4
noodwendig	4
nooi	4
noordoos	4
noordwes	4
nuttige	4
oefen	4
omgang	4
omgesit	4
omvat	4
onderhewig	4
ondervinding	4
onnodig	4
onseker	4
ontdekkingsreisiger	4
ontleen	4
ontruim	4
ontvlug	4
ooreengekom	4
ooreenstem	4
oostekant	4
opbrengs	4
opoffering	4
opvallend	4
orania	4
os	4
oscar	4
ouma	4
paring	4
partykeer	4
petrol	4
piek	4
pienk	4
piramide	4
politikus	4
pomp	4
poog	4
preek	4
prof	4
profeet	4
psigiatriese	4
pyp	4
rang	4
ras	4
reageer	4
redakteur	4
regterhand	4
regverdig	4
rekord	4
rembrandt	4
reputasie	4
resultaat	4
retief	4
rofweg	4
romaanse	4
rossouw	4
rugkant	4
ruil	4
rykdom	4
rym	4
saamgetrek	4
saans	4
sagteware	4
sak	4
sand	4
sanger	4
seekoei	4
sein	4
sektor	4
senaat	4
sendingstasie	4
senuweestelsel	4
seremoniële	4
sewentigerjare	4
siening	4
silinder	4
simfonieorkes	4
sistematiese	4
situasie	4
skepping	4
skild	4
skryfwerk	4
sku	4
skuil	4
skuiling	4
skyf	4
skynbaar	4
slim	4
smal	4
snel	4
soeke	4
soektog	4
sokker	4
spaans	4
spandeer	4
spelling	4
spoedig	4
spoorlyn	4
sport	4
staatshoof	4
stanford	4
stapel	4
steil	4
sterwende	4
stil	4
stille	4
straf	4
strategiese	4
suidwaarts	4
sutherland	4
syfer	4
só	4
taalkundige	4
teoreties	4
termyn	4
toelaat	4
toer	4
toerusting	4
toevallig	4
tom	4
tou	4
trekkers	4
tsaar	4
tuisveld	4
uitbreiding	4
uitgedruk	4
uiting	4
uitsig	4
uitstallings	4
up	4
vasgevang	4
vasteland	4
vat	4
veilige	4
venter	4
verbeelding	4
verbintenis	4
verblyf	4
verdieping	4
verhoogde	4
vermont	4
vermoëns	4
verset	4
versier	4
verskoning	4
versorging	4
versuim	4
verswak	4
vertoning	4
vervaardigers	4
verwant	4
vesting	4
via	4
vigs	4
vlaamse	4
vlerkspan	4
vloer	4
voltooiing	4
voorberei	4
voorganger	4
voorgehou	4
voorkop	4
voorloper	4
voorouer	4
voortgebring	4
voortgegaan	4
voortplanting	4
voortsetting	4
vors	4
vrees	4
vrugbare	4
vyftigerjare	4
waai	4
waarneem	4
waarneming	4
waaroor	4
wakker	4
wal	4
wapenskild	4
waterstof	4
wedren	4
wek	4
werking	4
werkverrigting	4
winkel	4
wins	4
woede	4
wolk	4
woonagtig	4
woonbuurt	4
woonstelle	4
woordeboek	4
worstel	4
wyer	4
yl	4
aankondiging	3
aanspraakmaker	3
aartsbiskop	3
absoluut	3
adel	3
adjunkpresident	3
admiraal	3
afsonderlik	3
afvalwater	3
agentskap	3
agtergebly	3
agteruitgang	3
ai	3
akkerbou	3
akkommodeer	3
akropolis	3
alabama	3
alexandrië	3
allah	3
allerlei	3
alliansie	3
alpe	3
amerikaner	3
ammunisie	3
andorra	3
andries	3
anglikaanse	3
angs	3
anker	3
annekseer	3
anton	3
anus	3
apollo	3
apteek	3
arabies	3
arend	3
argipel	3
armenië	3
arriveer	3
arsenaal	3
artistieke	3
assirië	3
asteroïde	3
athene	3
aucamp	3
baai	3
baarde	3
baat	3
bak	3
baklei	3
ballingskap	3
bar	3
barkly-oos	3
bars	3
beboste	3
bedanking	3
bedford	3
beelde	3
beeldende	3
beeldmateriaal	3
beeste	3
begaanbaar	3
begrafnis	3
begroting	3
beheerliggaam	3
bejaarde	3
bekostig	3
bekragtig	3
bekroonde	3
belangstel	3
beleg	3
beligting	3
bemanningslede	3
benaderings	3
beoordeel	3
berigte	3
bes	3
beseer	3
beserings	3
besetting	3
besienswaardighede	3
besigheid	3
besinning	3
beskrywing	3
besluite	3
besorg	3
besproeiing	3
bester	3
bestryding	3
beswaar	3
bethlehem	3
betwis	3
betyds	3
beukes	3
beweerde	3
bewerings	3
bewuste	3
beyers	3
bhoetan	3
bier	3
binnegeval	3
biograaf	3
bisdom	3
blaar	3
blad	3
bloeiwyse	3
bloemlesing	3
blootstelling	3
boeddha	3
boedel	3
boekhandel	3
bondgenoot	3
bondsrepubliek	3
boodskapper	3
bots	3
botswana	3
boukoste	3
boukuns	3
brandewyn	3
broeiseisoen	3
brons	3
buig	3
buis	3
bul	3
bystaan	3
byvoeg	3
ca	3
cd	3
ceres	3
christus	3
daal	3
daaronder	3
daarteenoor	3
dagblad	3
dame	3
daniël	3
deelnemer	3
delport	3
demografiese	3
demokrasie	3
department	3
derhalwe	3
dertig	3
deurbring	3
deurdring	3
deurlaat	3
diagnose	3
diaken	3
diefstal	3
dieptes	3
dies	3
digbundel	3
digotomie	3
dimensie	3
dogtergemeente	3
dokument	3
dominikaanse	3
doodmaak	3
doppie	3
doseer	3
dosis	3
dowwe	3
draak	3
dramaties	3
drasties	3
drieë	3
droër	3
dryfkrag	3
duiwel	3
durf	3
dwelm	3
eenbedryf	3
eersgenoemde	3
egtheid	3
einstein	3
ekologiese	3
eksplisiet	3
ekstra	3
elite	3
energiebron	3
enigiemand	3
enigiets	3
enigsins	3
ensiklopedie	3
entropie	3
entstof	3
entstowwe	3
epos	3
erfgenaam	3
erfgename	3
erflike	3
evangelie	3
evolusie	3
faktor	3
fasade	3
feniciërs	3
filiaal	3
filter	3
gaar	3
gange	3
gate	3
geag	3
geboer	3
geboortestad	3
gedoop	3
gedraai	3
gedrink	3
gehaal	3
gehoop	3
gehoorsaam	3
gehul	3
gehuur	3
gekant	3
gekweek	3
geldeenheid	3
geledere	3
geleiers	3
gelewe	3
gelos	3
gelowige	3
gelowiges	3
gelukkige	3
gelykop	3
gemak	3
gematig	3
gemeen	3
genade	3
geneesheer	3
genre	3
geopenbaar	3
georganiseer	3
georganiseerde	3
gepas	3
geplunder	3
gereg	3
geregistreerde	3
gereguleer	3
gerestoureer	3
gering	3
gesigte	3
gesmelt	3
gespel	3
gesprek	3
gesteel	3
gesteente	3
gestem	3
gestimuleer	3
gestrek	3
gestry	3
gestudeer	3
gestyg	3
getroue	3
gevaarlike	3
gevorder	3
gewag	3
geweer	3
gewek	3
gewrig	3
gewysig	3
geëwenaar	3
geïgnoreer	3
geïnisieer	3
geïnspireer	3
geïntegreerde	3
geïsoleer	3
giftig	3
goddelike	3
godin	3
goedkeuring	3
goodwood	3
graafskap	3
grafiese	3
grobler	3
grondwetlike	3
grootgemaak	3
grootskaalse	3
growwe	3
gruwelik	3
ha	3
haarkapper	3
habitat	3
halwe	3
hangende	3
hard	3
hardloop	3
hartseer	3
hebreeus	3
heengaan	3
heersende	3
heersers	3
hel	3
henning	3
herdenking	3
hergeboorte	3
herhaaldelik	3
herinnering	3
hermanus	3
herontwerp	3
herroep	3
hertz	3
hertzogprys	3
hervat	3
hervormde	3
hervorming	3
herwin	3
heteroseksuele	3
heuwel	3
hitler	3
hiërargie	3
hoed	3
hoeksteen	3
hoes	3
hollandse	3
homoseksueel	3
hoofdoel	3
hoofstuk	3
hoofweg	3
hooggeregshof	3
horings	3
hugo	3
huil	3
huisbesoek	3
hulpmiddel	3
hulpprediker	3
humiditeit	3
humor	3
humorsin	3
immigrasie	3
industrie	3
informele	3
ingesamel	3
ingewikkeld	3
institute	3
instrumenteel	3
integrasie	3
interaksie	3
intieme	3
jagluiperd	3
jakkals	3
jakobus	3
javaanse	3
jeugdige	3
joernalis	3
johan	3
jonas	3
jones	3
jupiter	3
kaapland	3
kaapstadse	3
kaspiese	3
katode	3
kees	3
keiserryk	3
keniaanse	3
kenmerk	3
kerksaal	3
ketting	3
kilogram	3
klavier	3
klei	3
kliniek	3
kloktoring	3
klomp	3
kloof	3
kloue	3
knolle	3
kolf	3
kollekte	3
kolonisasie	3
kommersieel	3
kompleks	3
komponent	3
koninklik	3
konsert	3
konstant	3
konstantinopel	3
konsul	3
kontinent	3
kook	3
koper	3
kopieë	3
koraal	3
koran	3
korrekte	3
kors	3
korteks	3
kortlys	3
kortweg	3
kraanvoël	3
krans	3
kritzinger	3
kroeg	3
kroning	3
kruin	3
kusvlakte	3
kw	3
kwaad	3
kwarteindstryd	3
kwessie	3
laai	3
lag	3
landbougrond	3
landdros	3
landing	3
landmeter	3
lange	3
larinks	3
larwe	3
leeg	3
leen	3
leeu	3
lekker	3
lektor	3
lesing	3
lesotho	3
lettergreep	3
lewendig	3
libretto	3
ligblou	3
ligbruin	3
lint	3
logies	3
logiese	3
lok	3
lood	3
loods	3
lopende	3
lugredery	3
lui	3
magteloos	3
malawi	3
manipulasie	3
manipuleer	3
manuskrip	3
marmer	3
massas	3
meegedeel	3
meerdere	3
meksikaanse	3
meld	3
meng	3
menslik	3
meul	3
middellandse	3
migrasie	3
mikpunt	3
minuut	3
modern	3
molle	3
moses	3
mpumalanga	3
musiekdirekteur	3
nagedagtenis	3
nagmaal	3
nakoming	3
natuurbewaring	3
neig	3
nel	3
neutrale	3
niekerk	3
nieu-seelandse	3
nissan	3
notule	3
nouliks	3
nul	3
née	3
nêrens	3
oes	3
omgangstaal	3
omgeskep	3
omhul	3
omtrek	3
onafhanklik	3
onafhanklikwording	3
onafwendbaar	3
onderafdeling	3
onderbreek	3
ondergrondse	3
onderhandel	3
onderhou	3
onderskeid	3
onderstaande	3
onderwyseres	3
ongewenste	3
ongewoon	3
onstabiel	3
onsydig	3
ontginning	3
ontken	3
ontlok	3
ontmoeting	3
ontploffing	3
ontplooi	3
ontspan	3
ontspring	3
ontvanger	3
ontwerper	3
onvermydelik	3
oogpunt	3
oopgaan	3
oorlewing	3
oorreed	3
oorskot	3
oorskry	3
oostenryk	3
oosthuizen	3
opmerklik	3
oppervlakkig	3
oral	3
order	3
orgaan	3
oriëntasie	3
oslo	3
oudtshoorn	3
outobiografie	3
paarl	3
pan	3
parlementêre	3
partituur	3
pasgebore	3
paulus	3
persoonlikhede	3
pet	3
petrus	3
philadelphia	3
pienaar	3
pigment	3
plafon	3
plasma	3
plato	3
plig	3
pluto	3
pontifikaat	3
portugal	3
postuum	3
potchefstroomse	3
potgieter	3
preekstoel	3
première	3
prent	3
prestige	3
prinsloo	3
privaatsektor	3
professioneel	3
projekteer	3
propaganda	3
protes	3
pryk	3
puin	3
raadgewer	3
raadsaal	3
radius	3
ramp	3
rasseskeiding	3
realistiese	3
realiteit	3
referendum	3
regent	3
regentskap	3
regie	3
regop	3
regstreekse	3
regterkant	3
rek	3
reliëf	3
ritme	3
rob	3
roem	3
roemeense	3
roeping	3
romp	3
rondebosch	3
rotasie	3
ruik	3
ruimtetuie	3
ruk	3
rustige	3
rye	3
rys	3
saad	3
saai	3
saamgesnoer	3
saamwerk	3
sagte	3
sahara	3
salaris	3
saturnus	3
sediment	3
segment	3
seil	3
sekonde	3
selfmoord	3
selfstandige	3
senegal	3
seremonie	3
sestig	3
sestigerjare	3
shakespeare	3
sienswyse	3
sigself	3
simboliseer	3
simfonie	3
simmetrie	3
sintese	3
sintuie	3
sitoplasma	3
sitplek	3
skakelaar	3
skandaal	3
skat	3
skeer	3
skerm	3
skiet	3
skil	3
skilderkuns	3
skoene	3
skoolopleiding	3
skraal	3
skubbe	3
slagoffer	3
slawehandel	3
slowakye	3
sluipmoord	3
sluiting	3
slurp	3
snawel	3
sneeu	3
snit	3
snoet	3
sny	3
sokkerspan	3
solidariteit	3
soliede	3
sondae	3
sonstraling	3
sous	3
spanmaat	3
spele	3
speurder	3
spoorweë	3
sportsoort	3
spreek	3
spreker	3
st	3
staande	3
staatmaak	3
stabiliseer	3
stadsgebied	3
staking	3
standbeeld	3
steenkamp	3
stekel	3
stemreg	3
stigter	3
stol	3
straal	3
straling	3
strategie	3
stukkie	3
stukrag	3
styf	3
stygende	3
subfamilie	3
suider-afrika	3
suidkus	3
suier	3
suur	3
swaard	3
sweer	3
swem	3
tand	3
tante	3
teel	3
tegnologieë	3
teheran	3
tekstielbedryf	3
teleurgesteld	3
tenk	3
terminologie	3
teruggetrek	3
tevergeefs	3
teweeggebring	3
theron	3
tiener	3
tier	3
titus	3
toegestaan	3
toewyding	3
tol	3
tonnel	3
toonleer	3
toyota	3
trekpleister	3
troje	3
tuig	3
turbine	3
turkse	3
turkye	3
tweeling	3
tydjie	3
uiteraard	3
uitgevaardig	3
uitsluitlik	3
uittrede	3
uitvloeisel	3
uniform	3
vakansie	3
vashou	3
veer	3
veeteelt	3
veevoer	3
veg	3
vegvliegtuie	3
vegvliegtuig	3
veldslag	3
verbruik	3
verbygaan	3
vereeniging	3
verf	3
verfyning	3
vergelykbaar	3
verhoor	3
verhuur	3
verkort	3
verkose	3
verkryging	3
verloof	3
verreweg	3
versamelde	3
verslae	3
versteur	3
verswakte	3
verteenwoordiging	3
vertellings	3
verwagte	3
verwoesting	3
vestiging	3
viering	3
viool	3
virus	3
viëtnam	3
vlees	3
vloed	3
vlugte	3
voeg	3
volhoubare	3
voltrek	3
volwaardige	3
voorgelê	3
voorgeskryf	3
voorlopig	3
voorstander	3
vooruit	3
voorval	3
vorendag	3
vraagstuk	3
vrag	3
vriendelik	3
vrylating	3
vrywillige	3
vuil	3
vuurtoring	3
waarbinne	3
waarneembare	3
waarnemer	3
waartoe	3
wapper	3
war	3
warmer	3
waterval	3
weefsel	3
weerkaats	3
weerlig	3
weerskante	3
weerspieël	3
weerstaan	3
weiering	3
welkom	3
wellington	3
wes-kaap	3
weskus	3
wessels	3
westminster	3
weswaarts	3
wetlike	3
wiele	3
winkelsentrum	3
wisselende	3
woodstock	3
worcester	3
wrak	3
wringkrag	3
wysie	3
wyte	3
wêreldoorloë	3
ys	3
zambië	3
én	3
aanbeveling	2
aanduidings	2
aanpassings	2
aanranding	2
aansluitende	2
aansoek	2
aantreklik	2
aanvaarding	2
aanwysing	2
aardbewing	2
aardbol	2
aardkors	2
aartappel	2
aas	2
abc	2
aborsie	2
absolute	2
achilles	2
administreer	2
adolessensie	2
adriaan	2
adviseur	2
advokaat	2
afgedank	2
afgehandel	2
afgekondig	2
afgerond	2
afgesonderde	2
afgevaardigde	2
afkoeling	2
afskeid	2
afwaarts	2
agent	2
aggressief	2
agterbly	2
agtermekaar	2
agting	2
akademikus	2
akkommodasie	2
akkurate	2
aksent	2
aksiomas	2
aktivis	2
akute	2
alfred	2
algebra	2
algerië	2
alias	2
aliwal-noord	2
alleenstaande	2
allomorf	2
alternatief	2
altviool	2
aluminium	2
amasone	2
amateur	2
amerikaans	2
ammoniak	2
ampstaal	2
andersen	2
andersyds	2
anglo-boereoorlog	2
animasie	2
annale	2
anoniem	2
antibiotikum	2
appèl	2
aramees	2
arbeider	2
arbeidersparty	2
arena	2
argief	2
argument	2
argumenteer	2
arnold	2
arresteer	2
art	2
asemhaling	2
asiatiese	2
asimmetriese	2
assistent	2
assosiasie	2
athena	2
avonturier	2
baas	2
bagasie	2
baken	2
bakkery	2
bakterie	2
bakwerk	2
balie	2
balle	2
bankrot	2
bankwese	2
bannelingskap	2
barnsteen	2
basalt	2
beantwoord	2
bediende	2
bedrae	2
bedreigings	2
bedrieg	2
bedrieglik	2
beeldhouer	2
beeldhoukuns	2
beeldhouwerk	2
beelding	2
befondsing	2
begrens	2
behaag	2
beheerraad	2
behoefte	2
behoeftige	2
behoorlike	2
bek	2
bekamping	2
bekendgemaak	2
bekendgestaan	2
bekendstaan	2
bekommerd	2
bekwaam	2
bekwame	2
belanggestel	2
belangstellingsveld	2
belegging	2
belemmering	2
belewenis	2
belle	2
belofte	2
beloning	2
belydenis	2
beraadslaging	2
berei	2
bergland	2
bergreeks	2
beroerte	2
besige	2
beskermengel	2
beskermheer	2
besleg	2
besnoei	2
bespreking	2
bestek	2
bestendig	2
bestendige	2
beswyk	2
betaling	2
betroubare	2
bevolk	2
bevolkte	2
bevriend	2
bevrore	2
bevrug	2
bevrugting	2
bewaring	2
beweeglike	2
bewondering	2
bewusteloos	2
bibliografie	2
bibliotekaris	2
bidders	2
biduur	2
biochemiese	2
biologie	2
birmaanse	2
bitter	2
blignaut	2
blik	2
blinde	2
blink	2
bloeiende	2
bloeitydperk	2
bloemfonteinse	2
blomtyd	2
blyplek	2
blyspel	2
bod	2
boeddhisme	2
boeddhistiese	2
boeing	2
boerdery	2
boergondië	2
bolle	2
bom	2
bomaanval	2
bont	2
boog	2
borde	2
borsbeeld	2
bosveld	2
botaniese	2
bouers	2
boufonds	2
boukommissie	2
boumateriaal	2
bouterrein	2
brakpan	2
brande	2
branders	2
brandpunt	2
brandstapel	2
brandwag	2
brasiliaanse	2
breedtegraad	2
brei	2
breking	2
breytenbach	2
bronsbeeld	2
bruidskat	2
brussel	2
buffelsrivier	2
buffer	2
buisie	2
buitengewoon	2
buitentoe	2
buitestaander	2
bulgarye	2
burgeroorloë	2
buurland	2
buurman	2
bv	2
bybelvertaling	2
byeen	2
byeenkom	2
bygewerk	2
bykans	2
byspeler	2
byvoeging	2
bywoon	2
california	2
chaos	2
charl	2
chemikalieë	2
chemoterapie	2
cholesterol	2
cowboy	2
cradock	2
cum	2
daarbo	2
dade	2
dageraad	2
daglig	2
daling	2
dalton	2
damme	2
damokles	2
dank	2
dapper	2
darem	2
darling	2
deeg	2
deeglike	2
deelname	2
definitief	2
dei	2
dekreet	2
demonstreer	2
deon	2
deportasie	2
dertigerjare	2
deurbraak	2
deurentyd	2
deurloop	2
deurlopend	2
deurmekaar	2
deursettingsvermoë	2
deursoek	2
devaluasie	2
dialoog	2
dias	2
dienaar	2
diensdoende	2
diensplig	2
dierelewe	2
digvorm	2
diskriminasie	2
diversiteit	2
djiboeti	2
dm	2
doek	2
doeleinde	2
doelwit	2
doenig	2
dog	2
dogma	2
domestikasie	2
doodgeskiet	2
doodgewoon	2
doodsberig	2
dordrecht	2
draer	2
dramaturg	2
drank	2
dreineer	2
driemanskap	2
drom	2
droogtes	2
drukreëling	2
dryfveer	2
dualisme	2
dubbelsinnige	2
duik	2
dunner	2
durbanse	2
dwars	2
dwarsoor	2
dwerg	2
dít	2
edel	2
edik	2
eed	2
eenparig	2
eensame	2
eenvoudiger	2
eenwording	2
eerbiedig	2
eerlik	2
eetbaar	2
effektiewe	2
effektiwiteit	2
effense	2
eien	2
eienares	2
eiersel	2
eindpunt	2
eklips	2
ekonomieë	2
ekostelsel	2
eksperiment	2
ekstroversie	2
elektries	2
ellendig	2
elsie	2
emiraat	2
emma	2
energieverbruik	2
enersyds	2
enkelvoudig	2
ensiem	2
entiteit	2
episode	2
epiteel	2
epog	2
eretitel	2
erotiese	2
erts	2
ester	2
estetiese	2
estland	2
etimologiese	2
ewenaar	2
ewewig	2
ewig	2
ex	2
expo	2
fabel	2
fabriek	2
facto	2
fakulteit	2
fantasiewêreld	2
fasiliteit	2
feesdag	2
feminisme	2
feniciese	2
ferguson	2
fetus	2
fiksie	2
filharmoniese	2
finansieel	2
finansies	2
fjord	2
fleur	2
floreer	2
fluit	2
fondasie	2
fonds	2
font	2
formasie	2
formeel	2
formuleer	2
fotografiese	2
fragment	2
frankies	2
franssprekende	2
fraserburg	2
frekwensie	2
freud	2
fungeer	2
fyner	2
gaandeweg	2
galery	2
gebaande	2
gebel	2
gebonde	2
geboortehuis	2
gebruiklike	2
gedateer	2
gedefinieerde	2
gedenkboek	2
gedreig	2
gedroog	2
gedrukte	2
gedui	2
gegiet	2
gegis	2
gegooi	2
gegun	2
gehang	2
gehardloop	2
geheimhouding	2
gehuil	2
gehuldig	2
gehys	2
gekap	2
gekeer	2
gekook	2
gekose	2
gekoördineer	2
gekwalifiseer	2
gelas	2
geleerde	2
geleiding	2
gelet	2
gelig	2
gelykgestel	2
gelykmatige	2
gemaal	2
gemagtig	2
gemeentevergadering	2
gemoeid	2
genadendal	2
gene	2
geneties	2
genoegsame	2
genommer	2
genooi	2
genootskap	2
genève	2
geoffer	2
geologiese	2
gepaardgaan	2
gepleisterde	2
geprys	2
geraam	2
geredigeerde	2
geregshof	2
gerem	2
germaanse	2
gerond	2
gerooster	2
gert	2
gesaai	2
gesaghebbende	2
gesalfde	2
gesamentlik	2
geselekteerde	2
gesellig	2
gesels	2
gesentraliseerde	2
geskeer	2
geskets	2
geskrap	2
gesny	2
gesond	2
gesondheidsinspekteur	2
gesout	2
gespanne	2
gespin	2
gestandaardiseerde	2
gesteur	2
gestoor	2
gestop	2
gestroop	2
getand	2
geteken	2
getoets	2
geur	2
gevaarlik	2
gevangeneming	2
gevlek	2
gevoed	2
gevreet	2
gevries	2
gewaag	2
gewapen	2
geweeg	2
gewel	2
geweldpleging	2
gewend	2
gewete	2
gewissel	2
gewoonte	2
geëer	2
geërf	2
gibraltar	2
gif	2
gifstof	2
gimnasium	2
glip	2
gloed	2
godewêreld	2
goede	2
goedgedink	2
golflengte	2
graaff-reinet	2
graffiti	2
grammatika	2
graniet	2
grenshou	2
grenslyn	2
grey	2
greylingstad	2
grimering	2
groeipunt	2
groenerig	2
groenlands	2
grootgeword	2
grootstes	2
grote	2
grysgroen	2
guinee	2
gunsteling	2
haai	2
hael	2
half	2
halfeindstryd	2
handelaar	2
handeling	2
handelinge	2
handelsbande	2
handelsware	2
handskrif	2
hantam	2
harem	2
harmonieë	2
harte	2
hartjie	2
hartland	2
havenga	2
hawaii	2
hawens	2
hawestad	2
hede	2
hef	2
hegstuk	2
heilbron	2
heksery	2
heldemoed	2
helm	2
hemel	2
hemelliggaam	2
hemisfeer	2
hemp	2
herdenk	2
herehuis	2
herero	2
hergebruik	2
herhaling	2
herinstel	2
herkoms	2
herleef	2
herlewing	2
heropbou	2
heropbouing	2
heroïen	2
heroïese	2
herstig	2
hertogdom	2
herwinning	2
heteroseksueel	2
hetsy	2
heuning	2
hidrologiese	2
hierbo	2
hiernamaals	2
hieronder	2
hiervandaan	2
hillbrow	2
hoeke	2
hoekom	2
hoeksteenlegging	2
hol	2
holland	2
holte	2
homogeen	2
homoseksualiteit	2
hongarye	2
honger	2
hoofafrigter	2
hoofbron	2
hoofgebou	2
hoofpad	2
hoofregter	2
hoofrol	2
hoofstede	2
hooftema	2
hooftuiste	2
hoogleraar	2
hoogty	2
horing	2
horlosie	2
hot	2
houdings	2
houer	2
huisgenoot	2
huisgesin	2
huistaal	2
huisvrou	2
hulpleraar	2
huur	2
hyser	2
ikoon	2
illustrasie	2
immergroen	2
implementeer	2
implementering	2
indeks	2
indiaanse	2
indiwidue	2
ineenstorting	2
ingebore	2
ingeperk	2
ingeval	2
ingewikkelder	2
ingryping	2
inkas	2
insigte	2
inspanning	2
inspuiting	2
instrumentasie	2
intens	2
intensief	2
interessant	2
intern	2
internasionaal	2
intrige	2
inval	2
invloedryke	2
iran	2
ironiese	2
irritasie	2
isolasie	2
isotoop	2
italiaans	2
ivoor	2
jaag	2
jaartal	2
jakob	2
jaloers	2
jamestown	2
japannees	2
japanse	2
java	2
jeanne	2
jeens	2
jerigo	2
jodium	2
joernaal	2
jongere	2
jonk	2
jonker	2
jopie	2
jordaan	2
juris	2
jurisdiksie	2
justisie	2
kaapprovinsie	2
kaas	2
kajuit	2
kalksteen	2
kam	2
kampioen	2
kampioenskap	2
kanker	2
kannibalisme	2
kanon	2
kanse	2
kap	2
kapelle	2
kaper	2
kapitalisme	2
katalonië	2
keiserin	2
kenner	2
kensington	2
kerkgeskiedenis	2
kerkie	2
kerkplein	2
kernfisikus	2
kersfees	2
kerstening	2
kestell	2
keurkommissie	2
kewer	2
keël	2
kiel	2
kim	2
kla	2
klag	2
klap	2
klaskamer	2
klassifiseer	2
kleed	2
kleinkind	2
kleinneef	2
kliënt	2
klok	2
kmdt	2
knieë	2
kock	2
kodenaam	2
kodon	2
koeler	2
koepel	2
koers	2
kollege	2
kolom	2
kommando	2
kommunikeer	2
konfederasie	2
konferensie	2
koningshuis	2
konsentreer	2
konserwatief	2
konsolideer	2
konstitusionele	2
kontinue	2
kontrei	2
korps	2
korte	2
kortpad	2
kosbaar	2
kotze	2
koördineer	2
kraaines	2
kragopwekker	2
kragsentrale	2
kragtig	2
kreatiwiteit	2
kringloop	2
kristal	2
kroeë	2
krog	2
krommes	2
kroonprins	2
kruip	2
kruising	2
kuba	2
kubus	2
kuier	2
kuilsrivier	2
kuilvoer	2
kunsversameling	2
kursus	2
kusgebied	2
kwartet	2
kwazulu	2
kwyn	2
kêrel	2
laan	2
laas	2
laerhuis	2
landbouskool	2
landmerk	2
landwye	2
langsaan	2
lansetvormig	2
laude	2
lawa	2
ledetal	2
leedwese	2
leefwyse	2
leiden	2
lengtegraad	2
lening	2
lens	2
leo	2
leon	2
lewend	2
lewenslank	2
lewenstyl	2
lewensverhaal	2
leë	2
liberië	2
liedjieskrywer	2
liewer	2
liggaamlike	2
liggeel	2
linguistiek	2
linker	2
linkerhand	2
loerie	2
logika	2
lojaal	2
lojaliteit	2
lokaal	2
long	2
loodreg	2
losweg	2
lotus	2
lou	2
lower	2
lucia	2
lughawens	2
lugreëling	2
luisteraars	2
luitenant	2
lus	2
luxemburg	2
lywe	2
lêers	2
maandeliks	2
maatreël	2
madagaskar	2
madrid	2
mafia	2
magdom	2
magiese	2
magistraat	2
magistraatshof	2
magna	2
magtig	2
magtige	2
majoor	2
mak	2
mal	2
malvern	2
manie	2
manne	2
marius	2
markplein	2
markus	2
marokko	2
masjienbou	2
mat	2
mater	2
matroos	2
medici	2
medikasie	2
medium	2
meeding	2
meel	2
meent	2
meerderheidsregering	2
meervoud	2
meester	2
mej	2
melkweg	2
melodie	2
membraan	2
meneer	2
meningsverskil	2
mentor	2
meriete	2
messias	2
metaalplaat	2
metafisika	2
metafoor	2
meule	2
middag	2
midde	2
middellyn	2
middernag	2
midsomer	2
milt	2
minaret	2
minnares	2
misdaad	2
miskraam	2
mississippi	2
mitologiese	2
modder	2
mode	2
modebedryf	2
modernisme	2
moedertaal	2
moedig	2
moekie	2
moeras	2
molekule	2
moment	2
monarg	2
monisme	2
monitering	2
monteer	2
moondhede	2
more	2
moskee	2
moslem	2
motief	2
mozart	2
mummie	2
munt	2
musiekvideo	2
muurskildering	2
mylpaal	2
myself	2
müller	2
münchen	2
naamwoord	2
naar	2
naaswenner	2
nabootsing	2
nadir	2
naelloop	2
nagegaan	2
nagelaat	2
nagenoeg	2
nagevolg	2
naguil	2
nalatenskap	2
namibiese	2
nasionalisme	2
natuurlewe	2
natuurreservaat	2
naïef	2
nee	2
neer	2
neergelê	2
neerslag	2
negentig	2
negentigerjare	2
neptunus	2
netjies	2
neutraal	2
niet	2
nietig	2
niger	2
niggie	2
nitraat	2
nl	2
noemenswaardig	2
nogal	2
noodlot	2
noodtoestand	2
nooiensvan	2
noordpool	2
noot	2
notebalk	2
notuleboek	2
noukeurig	2
novelle	2
novum	2
nuuskierig	2
nuuskierige	2
nywerheidsektor	2
objektief	2
observatory	2
odendaal	2
oefening	2
oeuvre	2
oewer	2
offisier	2
oksideermiddel	2
olie	2
olifantshoek	2
oman	2
omgebou	2
omgekeer	2
omgeskakel	2
omhels	2
omkeer	2
omkom	2
omkoopgeld	2
omsetting	2
omsien	2
omsoom	2
omver	2
onbegaanbaar	2
onbetroubaar	2
onderbos	2
onderdanig	2
ondergeskik	2
onderkoning	2
onderlê	2
ondermyning	2
onderstel	2
onderverdeling	2
ondervra	2
onduidelik	2
ongehoorsaam	2
ongelyk	2
ongerepte	2
ongetwyfeld	2
onkundig	2
onsterflik	2
onsuksesvol	2
ontbied	2
ontdekte	2
onthef	2
ontheilig	2
onthoof	2
ontkoppel	2
ontlading	2
ontneem	2
ontplof	2
ontplooiing	2
ontslaan	2
ontslag	2
ontsteek	2
ontsteking	2
ontvoer	2
ontvoering	2
ontwatering	2
ontwrigting	2
onverhoeds	2
oond	2
oordrewe	2
oorerflik	2
oorkant	2
oorledenes	2
oorleg	2
oorlogskepe	2
oorloë	2
oortreding	2
oorval	2
oorwegend	2
oorwegings	2
oorweldigend	2
oorwinnaar	2
oorwinnings	2
ooswaarts	2
opdatering	2
opgeknap	2
oplosmiddel	2
optimaal	2
optimum	2
opwekking	2
orige	2
orrelis	2
ortodokse	2
ouderdomsgroep	2
oudhede	2
oudstes	2
oue	2
ouerskap	2
outobiografiese	2
outobiografieë	2
oënskynlik	2
paadjie	2
palestina	2
palm	2
pantser	2
parkeerterrein	2
parlementslid	2
parow	2
parsek	2
parthenon	2
penelope	2
penisillien	2
peperwortel	2
pes	2
petersburg	2
petroltenk	2
ph	2
philippolis	2
piano	2
pietermaritzburg	2
pink	2
pionier	2
plaag	2
plaashuis	2
plaaslik	2
plaasvervanger	2
plasing	2
platinum	2
plattegrond	2
plaza	2
pluk	2
poel	2
polemiek	2
polimeer	2
polisiemag	2
polo	2
pond	2
posgevat	2
positiewer	2
poskantoor	2
post	2
pouse	2
poëtiese	2
prakties	2
praktiseer	2
predikantsvrou	2
prehistoriese	2
pres	2
presidensiële	2
presteer	2
priester	2
pro	2
problematiseer	2
produktiewe	2
produktiwiteit	2
produsent	2
proe	2
proefskrif	2
prokureur	2
promiskuïteit	2
pronk	2
prostitusie	2
proteas	2
pruisiese	2
psalm	2
puberteit	2
put	2
quebec	2
ra	2
raaisel	2
raakgesien	2
radar	2
radioaktiwiteit	2
ram	2
ramings	2
rampspoedig	2
rant	2
reaktor	2
rebellie	2
rebels	2
redaksie	2
redelike	2
redeneer	2
regente	2
regeringslede	2
reggekry	2
reggestel	2
regime	2
regiment	2
regmatige	2
regsgeleerde	2
regswetenskap	2
regtelike	2
regterkantse	2
regtig	2
reguleer	2
reikafstand	2
rekeningkunde	2
renaissance	2
reproduksie	2
republiekwording	2
resensie	2
reserwemag	2
resolusie	2
retikulum	2
reuksintuig	2
reus	2
revolusie	2
rey	2
riebeeck	2
rif	2
ringe	2
rite	2
riwwe	2
robyn	2
roei	2
roer	2
rolprentbedryf	2
romantiese	2
rooibruin	2
room	2
roomwit	2
roos	2
rooyen	2
rousseau	2
rubber	2
rugpyn	2
ruilhandel	2
ruim	2
ruimtetuig	2
ruiter	2
rusteloos	2
rustenburg	2
ryke	2
rynvallei	2
saamdrom	2
saamgeneem	2
saamgestem	2
saamhang	2
saamleef	2
salon	2
salvador	2
sameswering	2
samevoeging	2
sandsteen	2
sandton	2
saoedi-arabië	2
saterdae	2
sauk	2
seestroom	2
seksualiteit	2
seksueel	2
sektariese	2
sekte	2
seleksie	2
selekteer	2
selfbeeld	2
selfoon	2
selfrespek	2
selfversekerd	2
selfvertroue	2
sendings	2
senit	2
sensasie	2
sensitief	2
sensitiwiteit	2
sensus	2
sensuur	2
sentiment	2
servaas	2
sestien	2
siberiese	2
simbolies	2
simfonieë	2
simptoom	2
simson	2
sinagoge	2
singer	2
sinne	2
sirkuleer	2
sisiliaanse	2
sisteem	2
sitting	2
sjah	2
sjimpansee	2
sjina	2
skadelik	2
skadelike	2
skadeloosstelling	2
skadu	2
skaduwee	2
skeiding	2
skeidslyn	2
skelet	2
skets	2
skeur	2
skik	2
skildklier	2
skoen	2
skof	2
skoolgegaan	2
skoongemaak	2
skotte	2
skouer	2
skreeu	2
skrifte	2
skrootmetaal	2
skryftaal	2
skuilplek	2
skuins	2
slaaf	2
slaapkamer	2
slaapplek	2
slae	2
slagveld	2
sleutel	2
sluier	2
slymvlies	2
smit	2
smuts	2
sneller	2
sneuwel	2
soet	2
soldaat	2
solis	2
som	2
somerset	2
somerset-oos	2
sommer	2
sondagaand	2
sondebok	2
sone	2
sononder	2
sonskyn	2
sonsondergang	2
sop	2
sophokles	2
sorge	2
sosiaal	2
sosiologie	2
sout	2
spaar	2
spartaanse	2
speeksel	2
spektrum	2
spens	2
spesialiseer	2
spier	2
spieël	2
splitsing	2
spoel	2
spog	2
spoorweg	2
spoorwegmaatskappy	2
spreektaal	2
spring	2
springbok	2
sprokie	2
staar	2
staatsgreep	2
stadia	2
stadigaan	2
stadsaal	2
stadsdeel	2
stadskern	2
stadslewe	2
stadswyk	2
staf	2
stamel	2
stamp	2
stamvader	2
steel	2
steen	2
stelle	2
stelling	2
stellings	2
stelselmatige	2
stembus	2
stemming	2
sterfbed	2
steriel	2
sterrekunde	2
stervormig	2
steunpilaar	2
steurings	2
stewig	2
stigtingsvergadering	2
stilstand	2
stockholm	2
stok	2
stoker	2
stoor	2
strande	2
strandmeer	2
strategieë	2
streef	2
streeksgebonde	2
strem	2
stres	2
stroming	2
strook	2
stroomop	2
studio	2
stuit	2
styging	2
subklas	2
subtitel	2
suidwes	2
suig	2
suiwering	2
suurinhoud	2
swaai	2
swaer	2
swangerskap	2
sweet	2
swelling	2
swemmer	2
syd	2
taalgebruik	2
tabel	2
tabernakel	2
tafelberg	2
tagtig	2
taktiek	2
tandrat	2
tarief	2
tee	2
teenreaksie	2
teenstander	2
teenstrydig	2
tegelyk	2
tegelykertyd	2
tehuis	2
tekstuur	2
teleurstelling	2
televisieprogram	2
telling	2
tematies	2
temperament	2
temperatuurverskil	2
tempo	2
tennis	2
tennisspeler	2
tensy	2
tereggestel	2
terminaal	2
terras	2
territoriaal	2
teruggedink	2
teruggegee	2
teruggesak	2
terugslag	2
tesis	2
testes	2
teë	2
tiara	2
tienuur	2
tik	2
tjello	2
toedrag	2
toegelate	2
toegelê	2
toegespreek	2
toegesê	2
toegewyde	2
toegeëien	2
toekyk	2
toemaak	2
toenadering	2
toesien	2
toespeling	2
toespraak	2
toetsing	2
toetsreeks	2
toilet	2
tolstoi	2
tombe	2
toneelvereniging	2
tonga	2
toonhoogte	2
toonsetting	2
tora	2
toringgeboue	2
torpedojaer	2
transaksie	2
treffer	2
trekboer	2
triptofaan	2
trojaanse	2
troonopvolger	2
trouens	2
trui	2
trust	2
tsjeggo-slowakye	2
tuinplant	2
turf	2
turyn	2
tussenin	2
tussenpose	2
tussentydse	2
tv	2
tweemaal	2
tweespruit	2
twis	2
tydreëling	2
tydvak	2
ubuntu	2
uiteensetting	2
uiter	2
uitgebragte	2
uitgeput	2
uitgerekte	2
uitgesproke	2
uitgewery	2
uitsaaiwese	2
uitsetting	2
uitspeelwedstryd	2
uittredende	2
uitval	2
uitvoerig	2
ulster	2
unesco	2
universeel	2
urine	2
urinebuis	2
vaal	2
vak	2
vakbond	2
vakgebied	2
vakkundige	2
vakuum	2
valuta	2
vandaar	2
vark	2
vasco	2
vasgeknyp	2
vasgelê	2
vasgemaak	2
vasheg	2
vasstel	2
vasstelling	2
veearts	2
veertigerjare	2
veervormig	2
vegter	2
veiligheidsraad	2
veloppervlak	2
venda	2
venezuela	2
vennoot	2
verantwoordelike	2
verantwoording	2
verbasend	2
verbeterde	2
verbrokkeling	2
verdediging	2
verdedigingsmag	2
verdrae	2
verdriet	2
vereiste	2
verfyn	2
vergaderplek	2
vergeefs	2
vergroting	2
verhard	2
verhit	2
verhongering	2
verjaarsdag	2
verkeersknoop	2
verlang	2
verlate	2
verlenging	2
verlig	2
vermaakbedryf	2
verminderde	2
vermoed	2
vermoedens	2
vernuftige	2
vernuwing	2
veroordeel	2
verpersoonliking	2
verpligtend	2
verrassing	2
versadig	2
versadiging	2
versamelaar	2
verseboek	2
versiering	2
verskaffing	2
verskillend	2
verskuiwings	2
verspreidingsgebied	2
verstedeliking	2
verswakking	2
vertaalde	2
vertakking	2
vertakte	2
vertelling	2
vertoef	2
vertolking	2
vertraging	2
vertroueling	2
vervaardigingsproses	2
vervanging	2
verversingstasie	2
vervoermiddel	2
vervoerstelsel	2
vervuiling	2
verwarm	2
verweer	2
vet	2
vibrasie	2
vibreer	2
vierkleur	2
villa	2
vinde	2
vinger	2
virginia	2
visie	2
vissery	2
visueel	2
vitamien	2
vlerk	2
vleuel	2
vliegwiel	2
vlieënde	2
vloek	2
vlok	2
voc	2
voedselproduksie	2
voertaal	2
volharding	2
volkere	2
volkslied	2
volksmusiek	2
volksrepubliek	2
volkstemming	2
voltooide	2
vonk	2
vooraanstaande	2
vooraf	2
voorbehou	2
voorblad	2
voorgegee	2
voorgekeer	2
voorgesit	2
voorgeskrewe	2
voorkant	2
voorliefde	2
voorportaal	2
voorraad	2
voorsitterstoel	2
voorskrif	2
voorspelling	2
voorspoed	2
voortaan	2
voortbring	2
voortvloei	2
vooruitgegaan	2
voorvalle	2
voorwaarde	2
vorder	2
vorentoe	2
vredesverdrag	2
vrouens	2
vrugbeginsel	2
vryer	2
vryhede	2
vryskutskrywer	2
vuiligheid	2
vulstasie	2
vuursteen	2
vyandelike	2
vyandelikhede	2
vyfdeur	2
vyftien	2
wa	2
waardering	2
waardige	2
waarheen	2
waarneembaar	2
waarsku	2
waarvandaan	2
wagtoring	2
wallies	2
wanbalans	2
wand	2
wantroue	2
wapenhandel	2
wapenspreuk	2
wapenstilstand	2
warmteoordrag	2
wartaal	2
waterloo	2
watertoevoer	2
watervalle	2
watervlak	2
webjoernaal	2
webtuiste	2
wedywering	2
weergee	2
weergegee	2
weerkaatsing	2
weerlê	2
weggegooi	2
weggevoer	2
wegkruip	2
wegspring	2
wei	2
weiding	2
weier	2
weinig	2
weiveld	2
welsyn	2
wending	2
wenstreep	2
werd	2
werkgeleenthede	2
werkloses	2
werkplek	2
werktuie	2
werkwoord	2
werp	2
westekant	2
wetenskaplik	2
wetgewer	2
wetlik	2
wettig	2
wettige	2
weë	2
whisky	2
wig	2
willie	2
witwatersrand	2
woensdag	2
wond	2
wonder	2
woonhuis	2
woonwa	2
woordeskat	2
worsteling	2
woud	2
wraak	2
wrywing	2
wydverspreid	2
wysers	2
wysies	2
wysig	2
wysiging	2
wêreldgehalte	2
wêreldkampioen	2
wêreldmark	2
xhosa	2
yster	2
ywerige	2
zeppelin	2
zeus	2
ziggoerat	2
zoeloeland	2
zulu	2
één	2
